City_ID,City,Country,Lat,Lng,Max Temp,Humidity,Cloudiness,Wind Speed,Current Description,Date
0,Kalmunai,LK,7.4167,81.8167,77.18,79,93,4.92,overcast clouds,2021-03-28 22:48:13
1,Talnakh,RU,69.4865,88.3972,-14.22,99,59,4.16,broken clouds,2021-03-28 22:48:14
2,Snasa,NO,64.2457,12.3778,35.67,98,100,3.18,light rain,2021-03-28 22:48:14
3,Ushuaia,AR,-54.8,-68.3,46.4,61,75,14.97,broken clouds,2021-03-28 22:48:14
4,Bredasdorp,ZA,-34.5322,20.0403,60.8,88,100,11.5,overcast clouds,2021-03-28 22:48:14
5,Hilo,US,19.7297,-155.09,71.6,78,90,4.61,overcast clouds,2021-03-28 22:48:14
6,Chiredzi,ZW,-21.05,31.6667,64.63,84,5,5.19,clear sky,2021-03-28 22:48:15
7,Sampit,ID,-2.5333,112.95,74.1,97,100,0.72,moderate rain,2021-03-28 22:48:15
8,Victoria,HK,22.2855,114.1577,75.99,87,23,6.98,few clouds,2021-03-28 22:48:09
9,Carnarvon,AU,-24.8667,113.6333,71.6,94,40,5.75,scattered clouds,2021-03-28 22:48:15
10,Cape Town,ZA,-33.9258,18.4232,68.0,72,0,4.61,clear sky,2021-03-28 22:48:16
11,Busselton,AU,-33.65,115.3333,61.66,71,11,6.38,few clouds,2021-03-28 22:48:16
12,Pisco,PE,-13.7,-76.2167,73.4,68,0,21.85,clear sky,2021-03-28 22:48:16
13,Clyde River,CA,70.4692,-68.5914,-4.0,77,90,10.36,overcast clouds,2021-03-28 22:48:16
14,Souillac,MU,-20.5167,57.5167,75.2,88,20,6.91,few clouds,2021-03-28 22:48:16
15,Togur,RU,58.3631,82.8265,25.48,96,100,7.29,overcast clouds,2021-03-28 22:48:17
16,Kodiak,US,57.79,-152.4072,42.8,26,1,5.75,clear sky,2021-03-28 22:43:20
17,Mizan Teferi,ET,6.9833,35.5833,66.72,63,97,1.9,overcast clouds,2021-03-28 22:48:17
18,Padang,ID,-0.9492,100.3543,73.4,100,40,1.14,light rain,2021-03-28 22:48:17
19,Sao Joao Da Barra,BR,-21.6403,-41.0511,77.95,88,34,5.61,scattered clouds,2021-03-28 22:48:17
20,Hermanus,ZA,-34.4187,19.2345,64.99,77,100,10.0,overcast clouds,2021-03-28 22:48:18
21,Vila Velha,BR,-20.3297,-40.2925,77.0,83,0,3.44,clear sky,2021-03-28 22:48:18
22,Taber,CA,49.8167,-112.1518,62.6,20,94,28.77,overcast clouds,2021-03-28 22:45:09
23,Grand Gaube,MU,-20.0064,57.6608,77.0,80,3,1.01,clear sky,2021-03-28 22:48:18
24,Tuktoyaktuk,CA,69.4541,-133.0374,-13.0,77,90,13.8,snow,2021-03-28 22:48:18
25,Port Elizabeth,ZA,-33.918,25.5701,62.6,82,40,10.36,scattered clouds,2021-03-28 22:48:19
26,Kutum,SD,14.2,24.6667,63.41,13,2,13.89,clear sky,2021-03-28 22:48:19
27,Broome,US,42.2506,-75.833,50.0,87,90,16.11,overcast clouds,2021-03-28 22:48:19
28,East London,ZA,-33.0153,27.9116,65.39,77,100,13.31,overcast clouds,2021-03-28 22:46:57
29,Upernavik,GL,72.7868,-56.1549,-23.87,79,23,4.5,few clouds,2021-03-28 22:48:19
30,Kapaa,US,22.0752,-159.319,77.0,65,90,18.41,light rain,2021-03-28 22:48:20
31,Laguna,US,38.421,-121.4238,81.0,25,1,6.91,clear sky,2021-03-28 22:48:20
32,Mataura,NZ,-46.1927,168.8643,60.01,98,37,8.99,scattered clouds,2021-03-28 22:48:20
33,Mount Darwin,ZW,-16.7725,31.5838,63.52,95,59,2.89,broken clouds,2021-03-28 22:48:20
34,Dikson,RU,73.5069,80.5464,-26.64,100,96,7.4,overcast clouds,2021-03-28 22:48:21
35,Chara,RU,56.9064,118.2631,9.93,82,76,1.7,broken clouds,2021-03-28 22:48:21
36,Tasiilaq,GL,65.6145,-37.6368,19.4,49,48,12.66,scattered clouds,2021-03-28 22:48:21
37,Arkhipo-Osipovka,RU,44.37,38.52,44.55,81,55,8.84,broken clouds,2021-03-28 22:48:21
38,Nanortalik,GL,60.1432,-45.2371,23.16,69,1,15.52,clear sky,2021-03-28 22:48:22
39,Kiunga,PG,-6.1219,141.2906,73.0,97,100,2.39,overcast clouds,2021-03-28 22:48:22
40,Henties Bay,NA,-22.116,14.2845,61.0,91,0,1.99,clear sky,2021-03-28 22:48:22
41,New Norfolk,AU,-42.7826,147.0587,55.99,60,68,1.01,broken clouds,2021-03-28 22:48:22
42,Punta Arenas,CL,-53.15,-70.9167,51.8,46,0,6.91,clear sky,2021-03-28 22:48:23
43,Chernyshevskiy,RU,63.0128,112.4714,16.61,96,100,3.44,overcast clouds,2021-03-28 22:48:23
44,Albany,US,42.6001,-73.9662,53.01,78,100,9.37,light rain,2021-03-28 22:48:23
45,Chuy,UY,-33.6971,-53.4616,64.31,91,54,5.19,broken clouds,2021-03-28 22:48:23
46,Sorland,NO,67.667,12.6934,38.82,92,100,26.66,overcast clouds,2021-03-28 22:48:53
47,Hofn,IS,64.2539,-15.2082,28.2,61,33,8.68,scattered clouds,2021-03-28 22:48:54
48,Nyurba,RU,63.2842,118.3319,10.33,97,90,3.94,overcast clouds,2021-03-28 22:48:54
49,Shakiso,ET,5.75,38.9167,57.79,57,72,4.07,broken clouds,2021-03-28 22:48:54
50,Pacific Grove,US,36.6177,-121.9166,69.01,55,1,6.91,clear sky,2021-03-28 22:48:54
51,Kavaratti,IN,10.5669,72.642,83.08,71,100,2.68,overcast clouds,2021-03-28 22:48:55
52,Nemuro,JP,43.3236,145.575,42.42,96,100,35.28,overcast clouds,2021-03-28 22:48:07
53,Santander,ES,43.4647,-3.8044,55.0,82,0,2.53,clear sky,2021-03-28 22:48:55
54,Husavik,IS,66.0449,-17.3389,32.0,64,90,16.11,light snow,2021-03-28 22:45:28
55,College,US,64.8569,-147.8028,18.0,57,75,4.61,broken clouds,2021-03-28 22:48:55
56,Avarua,CK,-21.2078,-159.775,82.4,78,75,20.71,broken clouds,2021-03-28 22:48:55
57,Muscle Shoals,US,34.7448,-87.6675,59.0,48,68,7.0,broken clouds,2021-03-28 22:48:56
58,Omsukchan,RU,62.5333,155.8,5.41,75,92,2.53,overcast clouds,2021-03-28 22:48:56
59,Severo-Kurilsk,RU,50.6789,156.125,29.64,70,6,7.9,clear sky,2021-03-28 22:48:56
60,Fortuna,US,40.5982,-124.1573,55.0,87,1,13.8,clear sky,2021-03-28 22:48:56
61,Cabo San Lucas,MX,22.8909,-109.9124,77.0,27,40,11.5,scattered clouds,2021-03-28 22:48:57
62,Barrow,US,71.2906,-156.7887,-16.6,69,20,12.66,haze,2021-03-28 22:45:01
63,Birao,CF,10.2849,22.7882,80.35,12,1,12.03,clear sky,2021-03-28 22:48:57
64,Vaini,TO,-21.2,-175.2,84.2,79,40,10.36,scattered clouds,2021-03-28 22:48:57
65,Cherskiy,RU,68.75,161.3,-1.98,85,99,3.2,overcast clouds,2021-03-28 22:48:57
66,Torbay,CA,47.6666,-52.7314,26.01,74,75,4.61,broken clouds,2021-03-28 22:48:58
67,Airai,TL,-8.9266,125.4092,60.82,97,100,2.93,heavy intensity rain,2021-03-28 22:48:58
68,Prince Rupert,CA,54.3161,-130.3201,42.8,56,75,14.97,broken clouds,2021-03-28 22:48:58
69,Andros Town,BS,24.7,-77.7667,80.6,61,40,11.5,scattered clouds,2021-03-28 22:48:58
70,Lebu,CL,-37.6167,-73.65,56.91,91,0,11.65,clear sky,2021-03-28 22:48:58
71,Port Alfred,ZA,-33.5906,26.891,65.37,78,100,19.57,overcast clouds,2021-03-28 22:48:59
72,Port Lincoln,AU,-34.7333,135.8667,64.6,74,2,9.19,clear sky,2021-03-28 22:48:59
73,Atuona,PF,-9.8,-139.0333,80.91,74,98,17.13,overcast clouds,2021-03-28 22:48:59
74,Shellbrook,CA,53.2168,-106.4011,46.4,66,75,5.75,broken clouds,2021-03-28 22:48:59
75,Mar Del Plata,AR,-38.0023,-57.5575,66.2,82,20,10.36,few clouds,2021-03-28 22:49:00
76,Saint-Philippe,RE,-21.3585,55.7679,77.0,78,0,8.05,clear sky,2021-03-28 22:49:00
77,Atar,MR,20.5169,-13.0499,77.97,24,84,7.7,broken clouds,2021-03-28 22:49:00
78,Siniscola,IT,40.5719,9.6922,46.4,93,0,3.06,clear sky,2021-03-28 22:49:00
79,Hanumangarh,IN,29.5833,74.3167,78.06,14,20,8.03,few clouds,2021-03-28 22:49:01
80,Zarichne,UA,51.8126,26.129,35.46,88,89,6.51,overcast clouds,2021-03-28 22:49:01
81,Akureyri,IS,65.6835,-18.0878,32.0,64,90,16.11,light snow,2021-03-28 22:49:01
82,Lagoa,PT,39.05,-27.9833,59.56,81,100,16.31,overcast clouds,2021-03-28 22:49:01
83,Coahuayana,MX,18.7333,-103.6833,82.4,47,75,13.8,broken clouds,2021-03-28 22:49:01
84,Luderitz,NA,-26.6481,15.1594,61.84,83,0,3.67,clear sky,2021-03-28 22:49:02
85,Korla,CN,41.7597,86.1469,55.65,41,100,7.25,overcast clouds,2021-03-28 22:49:02
86,Rikitea,PF,-23.1203,-134.9692,79.2,73,3,15.55,clear sky,2021-03-28 22:49:02
87,Ostrovnoy,RU,68.0531,39.5131,35.51,97,100,11.41,overcast clouds,2021-03-28 22:49:02
88,Imbituba,BR,-28.24,-48.6703,78.8,89,75,2.3,broken clouds,2021-03-28 22:49:03
89,Polunochnoye,RU,60.8697,60.4153,21.97,96,100,2.33,overcast clouds,2021-03-28 22:49:03
90,Malmesbury,ZA,-33.4608,18.7271,68.0,75,100,5.21,overcast clouds,2021-03-28 22:49:03
91,Tynda,RU,55.1667,124.7167,27.81,96,100,3.65,light snow,2021-03-28 22:49:03
92,Caravelas,BR,-17.7125,-39.2481,78.04,75,0,7.4,clear sky,2021-03-28 22:49:34
93,Rocha,UY,-34.4833,-54.3333,62.22,95,74,5.28,broken clouds,2021-03-28 22:49:34
94,Port Blair,IN,11.6667,92.75,80.15,76,60,1.74,broken clouds,2021-03-28 22:48:17
95,Oriximina,BR,-1.7656,-55.8661,75.81,92,27,2.77,scattered clouds,2021-03-28 22:49:34
96,Rendsburg,DE,54.3,9.6667,48.2,87,75,14.97,broken clouds,2021-03-28 22:49:34
97,Chapais,CA,49.7834,-74.8492,30.2,93,90,8.05,snow,2021-03-28 22:49:35
98,Khatanga,RU,71.9667,102.5,-3.96,98,100,6.87,overcast clouds,2021-03-28 22:49:35
99,Malampaka,TZ,-3.1333,33.5333,64.33,83,55,3.89,light rain,2021-03-28 22:49:35
100,Saint-Pierre,RE,-21.3393,55.4781,77.0,78,0,8.05,clear sky,2021-03-28 22:49:35
101,Miandoab,IR,36.9694,46.1027,37.27,58,0,2.01,clear sky,2021-03-28 22:47:10
102,Klaksvik,FO,62.2266,-6.589,41.0,93,40,13.8,scattered clouds,2021-03-28 22:49:36
103,Esperance,AU,-33.8667,121.9,66.2,72,0,12.66,clear sky,2021-03-28 22:49:36
104,Buriti Bravo,BR,-5.8372,-43.8336,71.96,95,54,3.96,broken clouds,2021-03-28 22:49:36
105,Mareeba,AU,-17.0,145.4333,82.0,74,89,4.0,overcast clouds,2021-03-28 22:49:36
106,Dumai,ID,1.6833,101.45,74.21,98,82,2.82,moderate rain,2021-03-28 22:49:16
107,Ribeira Grande,PT,38.5167,-28.7,60.42,83,100,21.79,overcast clouds,2021-03-28 22:49:37
108,Petropavlovsk-Kamchatskiy,RU,53.0452,158.6483,26.6,39,79,6.71,broken clouds,2021-03-28 22:49:37
109,Pevek,RU,69.7008,170.3133,-13.18,96,70,3.22,broken clouds,2021-03-28 22:49:37
110,Rosetta,EG,31.4044,30.4164,59.0,55,40,9.22,scattered clouds,2021-03-28 22:49:37
111,Mana,GF,5.6592,-53.7767,77.76,84,66,13.27,heavy intensity rain,2021-03-28 22:49:38
112,Ketchikan,US,55.3422,-131.6461,42.8,61,90,14.97,overcast clouds,2021-03-28 22:49:38
113,Bongandanga,CD,1.5,21.05,74.59,66,25,1.63,scattered clouds,2021-03-28 22:49:38
114,Hambantota,LK,6.1241,81.1185,73.4,100,90,3.44,overcast clouds,2021-03-28 22:49:38
115,Emba,KZ,48.8264,58.1442,25.23,92,100,7.67,overcast clouds,2021-03-28 22:49:39
116,Tambun,ID,-6.2641,107.0712,81.0,94,20,5.75,mist,2021-03-28 22:49:39
117,Jamestown,US,42.097,-79.2353,42.01,75,90,22.82,overcast clouds,2021-03-28 22:45:18
118,Yellowknife,CA,62.456,-114.3525,26.6,43,75,17.27,broken clouds,2021-03-28 22:49:39
119,Stillwater,US,36.1156,-97.0584,68.0,26,1,4.61,clear sky,2021-03-28 22:46:44
120,Itoman,JP,26.1247,127.6694,71.6,94,75,3.44,broken clouds,2021-03-28 22:49:39
121,Chokurdakh,RU,70.6333,147.9167,-6.99,99,98,5.21,overcast clouds,2021-03-28 22:49:40
122,Hobart,AU,-42.8794,147.3294,57.2,38,75,13.8,broken clouds,2021-03-28 22:49:40
123,Kaitangata,NZ,-46.2817,169.8464,64.96,64,49,4.54,scattered clouds,2021-03-28 22:49:40
124,Saint George,US,37.1041,-113.5841,73.99,17,1,9.22,clear sky,2021-03-28 22:49:40
125,Harqalah,TN,36.0303,10.509,62.01,94,27,4.61,scattered clouds,2021-03-28 22:49:41
126,Gat,IL,31.61,34.7642,54.0,74,1,4.68,clear sky,2021-03-28 22:49:41
127,Tiksi,RU,71.6872,128.8694,3.67,95,100,1.74,overcast clouds,2021-03-28 22:45:55
128,Te Anau,NZ,-45.4167,167.7167,59.9,83,91,4.38,overcast clouds,2021-03-28 22:47:09
129,Kalangala,UG,-0.3089,32.225,73.63,65,24,3.15,few clouds,2021-03-28 22:49:41
130,Puerto Ayora,EC,-0.7393,-90.3518,82.4,78,20,11.5,few clouds,2021-03-28 22:49:41
131,Iqaluit,CA,63.7506,-68.5145,14.0,73,90,12.66,light snow,2021-03-28 22:47:01
132,Ancud,CL,-41.8697,-73.8203,58.37,84,92,2.3,overcast clouds,2021-03-28 22:49:42
133,Kahului,US,20.8947,-156.47,78.8,57,40,21.85,scattered clouds,2021-03-28 22:49:42
134,Shache,CN,38.4167,77.2406,54.79,45,100,5.26,overcast clouds,2021-03-28 22:49:42
135,Alice Springs,AU,-23.7,133.8833,69.8,52,1,5.75,clear sky,2021-03-28 22:50:12
136,Isangel,VU,-19.55,169.2667,80.6,78,40,3.44,scattered clouds,2021-03-28 22:50:13
137,Bousso,TD,10.4795,16.7117,81.12,16,15,9.4,few clouds,2021-03-28 22:50:13
138,Adrar,MR,20.5022,-10.0711,80.51,8,82,9.37,broken clouds,2021-03-28 22:50:13
139,Norman Wells,CA,65.282,-126.8329,-0.4,55,75,16.11,broken clouds,2021-03-28 22:50:13
140,Garissa,KE,-0.4536,39.6401,82.54,55,75,13.69,broken clouds,2021-03-28 22:50:14
141,Qaanaaq,GL,77.484,-69.3632,-20.13,77,66,6.02,broken clouds,2021-03-28 22:50:14
142,Hervey Bay,AU,-25.2986,152.8535,73.99,80,100,1.01,overcast clouds,2021-03-28 22:50:14
143,Butaritari,KI,3.0707,172.7902,81.5,76,84,14.16,light rain,2021-03-28 22:50:14
144,Saint Anthony,US,45.0205,-93.218,45.0,33,1,13.8,clear sky,2021-03-28 22:50:15
145,Freeport,US,40.6576,-73.5832,55.99,100,90,10.36,mist,2021-03-28 22:47:56
146,Bilibino,RU,68.0546,166.4372,-7.98,88,64,2.06,broken clouds,2021-03-28 22:50:15
147,Pitmoaga,BF,12.2397,-1.8767,79.56,13,0,9.82,clear sky,2021-03-28 22:50:15
148,Port Arthur,CN,38.8,121.2667,41.0,65,0,6.71,clear sky,2021-03-28 22:50:15
149,Ruza,RU,55.699,36.1952,33.8,69,0,4.47,light snow,2021-03-28 22:50:16
150,Thompson,CA,55.7435,-97.8558,28.4,46,90,4.61,snow,2021-03-28 22:50:16
151,Miri,MY,4.4148,114.0089,77.0,100,40,2.3,scattered clouds,2021-03-28 22:50:16
152,Namie,JP,37.4833,141.0,62.01,89,100,5.55,overcast clouds,2021-03-28 22:50:16
153,Buribay,RU,51.9617,58.1592,9.16,86,95,5.64,overcast clouds,2021-03-28 22:50:17
154,Avera,US,33.194,-82.5271,64.4,85,90,8.05,overcast clouds,2021-03-28 22:50:17
155,Lookan,PH,5.037,120.1027,81.01,82,100,8.68,overcast clouds,2021-03-28 22:50:17
156,Gimli,CA,50.6336,-96.9907,35.6,55,100,16.11,overcast clouds,2021-03-28 22:50:17
157,Hasaki,JP,35.7333,140.8333,61.0,94,75,3.44,broken clouds,2021-03-28 22:50:17
158,Baiyin,CN,36.5583,104.2081,48.0,27,46,4.47,dust,2021-03-28 22:50:18
159,Namibe,AO,-15.1961,12.1522,74.05,74,40,2.66,light rain,2021-03-28 22:46:00
160,Baruun-Urt,MN,46.6806,113.2792,25.68,51,4,5.88,clear sky,2021-03-28 22:50:18
161,Dunedin,NZ,-45.8742,170.5036,59.0,94,33,1.01,scattered clouds,2021-03-28 22:50:18
162,Lushoto,TZ,-4.7833,38.2833,60.53,91,81,1.97,light rain,2021-03-28 22:50:19
163,Bluff,NZ,-46.6,168.3333,60.01,96,85,11.01,overcast clouds,2021-03-28 22:50:19
164,Alberton,CA,46.8168,-64.0654,33.8,75,100,16.11,overcast clouds,2021-03-28 22:50:19
165,Sayyan,YE,15.1718,44.3244,52.81,41,6,2.1,clear sky,2021-03-28 22:50:19
166,Udachnyy,RU,66.4167,112.4,9.32,98,100,4.5,overcast clouds,2021-03-28 22:50:19
167,Maldonado,UY,-34.6667,-54.9167,70.0,88,20,3.44,few clouds,2021-03-28 22:50:20
168,Aykhal,RU,66.0,111.5,9.25,99,100,5.28,overcast clouds,2021-03-28 22:50:20
169,Killin,US,33.6123,-91.7412,66.2,24,1,6.91,clear sky,2021-03-28 22:50:20
170,Popondetta,PG,-8.7537,148.2534,85.77,60,92,0.63,overcast clouds,2021-03-28 22:50:20
171,Pangnirtung,CA,66.1451,-65.7125,0.37,96,100,2.21,overcast clouds,2021-03-28 22:50:21
172,Alamos,MX,27.0167,-108.9333,93.09,4,3,7.52,clear sky,2021-03-28 22:50:21
173,Nikolskoye,RU,59.7035,30.7861,39.99,87,0,2.24,light rain,2021-03-28 22:50:21
174,Touros,BR,-5.1989,-35.4608,80.6,83,20,5.75,few clouds,2021-03-28 22:50:21
175,Haines Junction,CA,60.7522,-137.5108,24.8,24,10,6.91,clear sky,2021-03-28 22:46:44
176,Wanlaweyn,SO,2.6185,44.8938,79.18,81,99,12.59,overcast clouds,2021-03-28 22:50:22
177,Kruisfontein,ZA,-34.0033,24.7314,63.0,75,92,4.0,overcast clouds,2021-03-28 22:50:22
178,Jalu,LY,29.0331,21.5482,58.71,35,29,7.87,scattered clouds,2021-03-28 22:50:22
179,Codrington,AU,-38.2667,141.9667,60.66,64,97,7.11,overcast clouds,2021-03-28 22:50:22
180,Sosnovo-Ozerskoye,RU,52.5249,111.5418,2.97,97,67,2.33,broken clouds,2021-03-28 22:50:23
181,Erdenet,MN,49.0333,104.0833,26.49,38,45,3.74,scattered clouds,2021-03-28 22:50:53
182,Beringovskiy,RU,63.05,179.3167,14.72,92,100,17.87,light snow,2021-03-28 22:50:53
183,Praia,CV,14.9215,-23.5087,68.0,77,75,24.16,broken clouds,2021-03-28 22:50:53
184,Provideniya,RU,64.3833,-173.3,15.12,88,100,21.7,light snow,2021-03-28 22:50:54
185,Inirida,CO,3.8653,-67.9239,72.64,97,100,2.13,overcast clouds,2021-03-28 22:50:54
186,Mount Gambier,AU,-37.8333,140.7667,59.0,94,90,2.8,overcast clouds,2021-03-28 22:50:54
187,Vinukonda,IN,16.05,79.75,74.03,83,6,1.72,clear sky,2021-03-28 22:50:54
188,Farafangana,MG,-22.8167,47.8333,75.29,84,1,3.24,clear sky,2021-03-28 22:50:55
189,Doha,QA,25.2867,51.5333,69.8,46,0,14.97,clear sky,2021-03-28 22:47:49
190,Sarkand,KZ,45.41,79.9186,40.17,84,99,2.21,overcast clouds,2021-03-28 22:50:55
191,The Valley,AI,18.217,-63.0578,80.6,78,40,13.8,scattered clouds,2021-03-28 22:50:55
192,Usinsk,RU,65.9939,57.5281,20.84,96,99,7.47,light snow,2021-03-28 22:50:55
193,Okhotsk,RU,59.3833,143.3,9.21,83,65,8.68,broken clouds,2021-03-28 22:50:56
194,Magdagachi,RU,53.45,125.8,30.38,89,100,5.61,overcast clouds,2021-03-28 22:50:56
195,Gamba,GA,-2.65,10.0,76.51,91,100,6.11,light rain,2021-03-28 22:50:56
196,Juneau,US,58.3019,-134.4197,36.0,38,20,9.22,few clouds,2021-03-28 22:50:41
197,Anadyr,RU,64.75,177.4833,12.2,79,40,29.08,snow,2021-03-28 22:50:56
198,Dingle,PH,10.9995,122.6711,78.17,85,100,6.38,overcast clouds,2021-03-28 22:50:57
199,Vardo,NO,70.3705,31.1107,35.6,69,40,6.91,scattered clouds,2021-03-28 22:50:57
200,Bambous Virieux,MU,-20.3428,57.7575,77.0,88,20,6.91,few clouds,2021-03-28 22:50:57
201,Hithadhoo,MV,-0.6,73.0833,78.66,87,100,33.6,moderate rain,2021-03-28 22:50:57
202,Fomboni,KM,-12.28,43.7425,83.53,72,66,8.46,broken clouds,2021-03-28 22:50:58
203,Paita,PE,-5.0892,-81.1144,73.26,73,78,13.49,broken clouds,2021-03-28 22:50:58
204,Ozernovskiy,RU,51.5,156.5167,26.78,71,72,6.15,broken clouds,2021-03-28 22:50:58
205,Kondinskoye,RU,59.6481,67.41,18.03,96,95,7.16,overcast clouds,2021-03-28 22:50:58
206,Bengkulu,ID,-3.8004,102.2655,76.42,89,99,0.87,overcast clouds,2021-03-28 22:49:16
207,Saskylakh,RU,71.9167,114.0833,-4.13,99,98,2.91,overcast clouds,2021-03-28 22:50:59
208,Moose Factory,CA,51.2585,-80.6094,23.0,68,75,20.71,broken clouds,2021-03-28 22:50:59
209,Half Moon Bay,US,37.4636,-122.4286,66.2,87,1,13.8,clear sky,2021-03-28 22:50:59
210,Lompoc,US,34.6391,-120.4579,70.0,67,1,16.11,clear sky,2021-03-28 22:51:00
211,Dali,CN,25.7,100.1833,47.7,41,10,5.59,clear sky,2021-03-28 22:51:00
212,Georgetown,MY,5.4112,100.3354,80.01,94,20,1.14,light rain,2021-03-28 22:49:22
213,Ahome,MX,25.9167,-109.1833,79.0,27,75,9.22,broken clouds,2021-03-28 22:49:47
214,Carutapera,BR,-1.195,-46.02,76.1,91,91,5.73,overcast clouds,2021-03-28 22:51:00
215,Sitka,US,57.0531,-135.33,39.2,60,20,18.41,few clouds,2021-03-28 22:48:06
216,Viedma,AR,-40.8135,-62.9967,65.32,29,96,2.8,overcast clouds,2021-03-28 22:50:24
217,Kandrian,PG,-6.2167,149.55,82.33,80,100,4.74,light rain,2021-03-28 22:51:00
218,Bonthe,SL,7.5264,-12.505,78.93,87,55,4.94,broken clouds,2021-03-28 22:51:01
219,Manaure,CO,11.7751,-72.4445,82.53,60,96,23.64,overcast clouds,2021-03-28 22:51:01
220,Kupang,ID,-10.1667,123.5833,75.2,100,90,5.75,overcast clouds,2021-03-28 22:51:01
221,Northport,US,33.229,-87.5772,64.4,42,1,9.22,clear sky,2021-03-28 22:51:01
222,Borogontsy,RU,62.6683,131.1683,14.18,93,97,2.21,overcast clouds,2021-03-28 22:51:02
223,Sur,OM,22.5667,59.5289,83.07,37,92,6.91,overcast clouds,2021-03-28 22:51:32
224,Port Hardy,CA,50.6996,-127.4199,41.0,81,75,16.11,light rain,2021-03-28 22:51:32
225,Bajil,YE,15.0584,43.2851,79.79,54,13,1.34,few clouds,2021-03-28 22:51:32
226,Mayo,US,38.8876,-76.5119,63.0,72,90,14.97,heavy intensity rain,2021-03-28 22:51:33
227,Mahebourg,MU,-20.4081,57.7,75.2,88,20,6.91,few clouds,2021-03-28 22:51:33
228,Severnoye,RU,56.3491,78.3619,26.78,97,100,3.4,light snow,2021-03-28 22:51:33
229,Manitouwadge,CA,49.1215,-85.8403,32.0,47,100,5.75,overcast clouds,2021-03-28 22:51:33
230,Ati,TD,13.2154,18.3353,78.15,12,48,18.43,scattered clouds,2021-03-28 22:51:34
231,Olinda,BR,-8.0089,-34.8553,78.8,78,75,5.75,broken clouds,2021-03-28 22:51:34
232,Farmington,US,36.7281,-108.2187,64.0,16,1,8.05,clear sky,2021-03-28 22:51:34
233,Dashitou,CN,43.3067,128.5114,35.42,67,14,14.41,few clouds,2021-03-28 22:51:34
234,Margate,GB,51.3813,1.3862,50.0,70,95,5.01,overcast clouds,2021-03-28 22:51:35
235,Warrnambool,AU,-38.3833,142.4833,57.99,91,64,6.62,broken clouds,2021-03-28 22:51:35
236,Saryozek,KZ,44.3583,77.9753,40.51,84,100,4.09,overcast clouds,2021-03-28 22:51:35
237,Ilo,PE,-17.6394,-71.3375,69.82,83,87,6.13,overcast clouds,2021-03-28 22:51:35
238,Kazachinskoye,RU,57.6953,93.2761,30.88,95,100,6.33,overcast clouds,2021-03-28 22:51:35
239,Ankazoabo,MG,-22.2833,44.5167,67.08,92,0,4.25,clear sky,2021-03-28 22:51:36
240,Raudeberg,NO,61.9875,5.1352,43.0,74,88,22.3,overcast clouds,2021-03-28 22:51:36
241,Faanui,PF,-16.4833,-151.75,82.4,73,50,20.83,light rain,2021-03-28 22:51:36
242,Muros,ES,42.7762,-9.0603,57.0,76,0,7.49,clear sky,2021-03-28 22:51:37
243,Buala,SB,-8.145,159.5921,84.27,72,18,8.03,light rain,2021-03-28 22:49:30
244,Leirvik,NO,59.7798,5.5005,44.6,87,90,18.41,overcast clouds,2021-03-28 22:51:37
245,Salamiyah,SY,35.0113,37.0532,44.35,71,3,3.33,clear sky,2021-03-28 22:51:37
246,Ixtapa,MX,20.7,-105.2,77.0,65,40,13.8,scattered clouds,2021-03-28 22:51:37
247,Sabang,ID,5.8933,95.3214,80.94,73,96,3.0,overcast clouds,2021-03-28 22:50:25
248,Ipixuna,BR,-1.7625,-48.8043,77.0,88,40,8.05,scattered clouds,2021-03-28 22:51:38
249,Kununurra,AU,-15.7667,128.7333,78.8,89,100,3.44,overcast clouds,2021-03-28 22:51:32
250,Yamada,JP,39.4667,141.95,53.33,98,100,8.34,overcast clouds,2021-03-28 22:51:38
251,Kalamare,BW,-22.9337,26.5703,63.39,73,0,17.69,clear sky,2021-03-28 22:51:38
252,Longyearbyen,SJ,78.2186,15.6401,28.4,80,20,11.5,few clouds,2021-03-28 22:51:38
253,San Pedro,PH,14.35,121.0167,82.0,78,20,3.44,few clouds,2021-03-28 22:49:36
254,Saldanha,ZA,-33.0117,17.9442,68.0,52,100,3.44,overcast clouds,2021-03-28 22:51:39
255,Yunyang,CN,33.4474,112.7142,57.25,89,20,6.67,few clouds,2021-03-28 22:51:39
256,Onega,RU,63.9061,38.1404,34.16,92,100,7.96,overcast clouds,2021-03-28 22:51:39
257,Olean,US,42.0776,-78.4297,46.4,70,90,10.36,overcast clouds,2021-03-28 22:47:22
258,Sola,VU,-13.8833,167.55,84.2,84,75,5.75,broken clouds,2021-03-28 22:51:39
259,Boa Vista,BR,2.8197,-60.6733,89.6,45,20,5.75,light rain,2021-03-28 22:51:40
260,Castro,BR,-24.7911,-50.0119,65.52,89,100,4.36,overcast clouds,2021-03-28 22:51:04
261,Bac Lieu,VN,9.285,105.7244,78.76,84,74,7.07,broken clouds,2021-03-28 22:51:40
262,Vostok,RU,46.4856,135.8833,34.99,91,100,4.12,light snow,2021-03-28 22:49:32
263,Mutoko,ZW,-17.397,32.2268,59.23,84,56,3.78,broken clouds,2021-03-28 22:51:40
264,Tautira,PF,-17.7333,-149.15,89.6,55,40,8.05,light rain,2021-03-28 22:51:40
265,Narsaq,GL,60.9167,-46.05,21.2,63,0,5.75,clear sky,2021-03-28 22:51:41
266,Dandong,CN,40.1292,124.3947,43.29,45,0,5.59,clear sky,2021-03-28 22:51:41
267,Biltine,TD,14.5333,20.9167,73.33,11,12,18.81,few clouds,2021-03-28 22:51:41
268,Hammerfest,NO,70.6634,23.6821,28.4,69,0,4.61,clear sky,2021-03-28 22:51:41
269,Sukhumi,GE,43.0033,41.0153,40.51,79,7,4.5,clear sky,2021-03-28 22:52:11
270,Constitucion,CL,-35.3333,-72.4167,58.12,67,0,0.85,clear sky,2021-03-28 22:52:12
271,Todos Santos,MX,23.45,-110.2167,70.0,74,100,4.0,overcast clouds,2021-03-28 22:52:12
272,Senanga,ZM,-16.1167,23.2667,66.36,78,77,4.97,broken clouds,2021-03-28 22:52:12
273,Cidreira,BR,-30.1811,-50.2056,73.58,82,36,6.17,scattered clouds,2021-03-28 22:47:22
274,Hay River,CA,60.8156,-115.7999,21.2,68,100,12.66,light snow,2021-03-28 22:52:12
275,Honningsvag,NO,70.9821,25.9704,34.02,71,83,11.07,broken clouds,2021-03-28 22:52:13
276,Qaqortoq,GL,60.7167,-46.0333,21.2,63,0,5.75,clear sky,2021-03-28 22:52:13
277,Hailey,US,43.5196,-114.3153,60.8,21,1,9.22,clear sky,2021-03-28 22:52:13
278,Prainha,BR,-1.8,-53.48,77.38,80,62,3.29,broken clouds,2021-03-28 22:52:13
279,Saint-Francois,FR,46.4154,3.9054,39.99,87,0,3.44,clear sky,2021-03-28 22:52:14
280,Katsuura,JP,35.1333,140.3,64.0,88,75,3.44,broken clouds,2021-03-28 22:52:14
281,Elbistan,TR,38.2059,37.1983,31.42,68,0,0.45,clear sky,2021-03-28 22:52:14
282,Alakurtti,RU,66.9672,30.3491,37.0,87,99,3.0,overcast clouds,2021-03-28 22:52:14
283,Lhokseumawe,ID,5.1801,97.1507,77.04,83,100,2.68,overcast clouds,2021-03-28 22:52:15
284,Komsomolskiy,UZ,40.4272,71.7189,50.0,71,75,23.02,moderate rain,2021-03-28 22:52:15
285,Beloha,MG,-25.1667,45.05,69.42,89,8,3.47,light rain,2021-03-28 22:52:15
286,Tiarei,PF,-17.5333,-149.3333,89.6,55,40,8.05,light rain,2021-03-28 22:52:15
287,Diphu,IN,25.8333,93.4333,65.35,25,0,0.72,clear sky,2021-03-28 22:52:16
288,Puerto Ayacucho,VE,5.6639,-67.6236,75.0,94,92,10.02,moderate rain,2021-03-28 22:52:16
289,Sinnamary,GF,5.3833,-52.95,77.86,83,98,13.89,overcast clouds,2021-03-28 22:52:16
290,Bahia Blanca,AR,-38.7196,-62.2724,63.16,60,17,7.23,few clouds,2021-03-28 22:52:16
291,Pochutla,MX,15.7432,-96.4661,90.0,45,1,11.5,clear sky,2021-03-28 22:52:17
292,Berlevag,NO,70.8578,29.0864,31.01,79,68,11.18,broken clouds,2021-03-28 22:52:17
293,Kentau,KZ,43.5206,68.5094,40.66,69,100,14.0,light rain,2021-03-28 22:52:17
294,Rio Grande,BR,-32.035,-52.0986,68.0,94,44,10.83,light rain,2021-03-28 22:52:17
295,Cockburn Town,TC,21.4612,-71.1419,78.8,73,40,19.57,scattered clouds,2021-03-28 22:52:18
296,Paamiut,GL,61.994,-49.6678,8.42,77,1,11.56,clear sky,2021-03-28 22:52:18
297,Los Llanos De Aridane,ES,28.6585,-17.9182,64.4,77,40,3.44,scattered clouds,2021-03-28 22:52:18
298,Tiznit,MA,29.5833,-9.5,63.32,52,38,5.37,scattered clouds,2021-03-28 22:52:18
299,Porbandar,IN,21.6422,69.6093,76.86,72,20,7.78,few clouds,2021-03-28 22:52:19
300,Bulgan,MN,48.8125,103.5347,28.65,33,52,3.15,broken clouds,2021-03-28 22:52:19
301,Dembi Dolo,ET,8.5333,34.8,63.07,65,100,4.29,overcast clouds,2021-03-28 22:52:19
302,Vao,NC,-22.6667,167.4833,77.63,81,12,14.45,few clouds,2021-03-28 22:52:19
303,Hirado,JP,33.3597,129.5531,59.0,100,75,5.75,mist,2021-03-28 22:52:20
304,Grootfontein,NA,-19.5667,18.1167,62.6,88,4,2.3,clear sky,2021-03-28 22:52:20
305,Alugan,PH,12.2188,125.4808,79.7,83,100,9.69,overcast clouds,2021-03-28 22:52:20
306,Dakar,SN,14.6937,-17.4441,64.4,94,4,16.11,clear sky,2021-03-28 22:51:53
307,Zavitinsk,RU,50.1167,129.45,34.68,96,100,10.56,light rain,2021-03-28 22:52:20
308,Khash,IR,28.2211,61.2158,61.25,27,70,6.58,broken clouds,2021-03-28 22:52:21
309,Broken Hill,AU,-31.95,141.4333,60.8,55,2,11.5,clear sky,2021-03-28 22:52:21
310,Itaituba,BR,-4.2761,-55.9836,84.2,79,20,1.52,few clouds,2021-03-28 22:51:10
311,Gawler,AU,-34.6,138.7333,61.0,79,37,3.0,scattered clouds,2021-03-28 22:52:21
312,Luwuk,ID,-0.9516,122.7875,77.77,87,100,3.51,overcast clouds,2021-03-28 22:52:21
313,Payo,ID,-3.7508,103.6372,71.74,98,100,1.54,overcast clouds,2021-03-28 22:52:21
314,Mossendjo,CG,-2.9506,12.7261,70.18,99,100,2.21,overcast clouds,2021-03-28 22:52:52
315,Bethel,US,41.3712,-73.414,57.0,97,100,1.01,overcast clouds,2021-03-28 22:50:03
316,Goundam,ML,16.4145,-3.6708,77.81,8,0,10.33,clear sky,2021-03-28 22:52:52
317,Ahipara,NZ,-35.1667,173.1667,70.83,83,46,7.54,moderate rain,2021-03-28 22:52:52
318,Deep River,CA,46.1001,-77.4995,37.4,100,90,2.3,overcast clouds,2021-03-28 22:52:35
319,Harper,LR,4.375,-7.7169,78.78,87,70,4.65,broken clouds,2021-03-28 22:52:53
320,Fuerte Olimpo,PY,-21.0415,-57.8738,81.14,54,26,6.87,scattered clouds,2021-03-28 22:52:53
321,Yeniseysk,RU,58.4497,92.1703,30.07,98,100,2.84,light snow,2021-03-28 22:52:53
322,Neftcala,AZ,39.3742,49.2472,47.44,80,9,9.28,clear sky,2021-03-28 22:52:53
323,Wanning,CN,18.8003,110.3967,73.47,96,96,10.47,overcast clouds,2021-03-28 22:52:54
324,Yulara,AU,-25.2406,130.9889,71.6,56,0,8.05,clear sky,2021-03-28 22:52:54
325,Tarko-Sale,RU,64.9225,77.785,-6.48,99,62,10.98,broken clouds,2021-03-28 22:52:54
326,Sassandra,CI,4.95,-6.0833,76.62,92,97,4.43,overcast clouds,2021-03-28 22:52:54
327,Nizhniy Kuranakh,RU,58.8353,125.4869,19.2,93,100,3.76,overcast clouds,2021-03-28 22:52:55
328,Inverness,GB,57.4791,-4.224,52.0,82,20,17.27,moderate rain,2021-03-28 22:50:07
329,Srednekolymsk,RU,67.45,153.6833,-0.47,93,100,4.88,overcast clouds,2021-03-28 22:52:55
330,Kungurtug,RU,50.5994,97.5228,22.96,86,100,0.56,overcast clouds,2021-03-28 22:52:55
331,Namatanai,PG,-3.6667,152.4333,83.71,69,83,8.01,broken clouds,2021-03-28 22:52:55
332,Terekli-Mekteb,RU,44.1671,45.8698,41.99,83,84,8.93,broken clouds,2021-03-28 22:52:55
333,Filingue,NE,14.3521,3.3168,76.28,12,3,11.45,clear sky,2021-03-28 22:52:56
334,Bandarbeyla,SO,9.4942,50.8122,76.64,73,26,4.36,scattered clouds,2021-03-28 22:52:56
335,Ucluelet,CA,48.9329,-125.5528,46.99,76,40,31.07,scattered clouds,2021-03-28 22:48:35
336,Kadirli,TR,37.3739,36.0961,52.0,62,0,1.01,clear sky,2021-03-28 22:52:56
337,Buwenge,UG,0.6422,33.1744,64.63,87,12,1.74,light rain,2021-03-28 22:52:56
338,Garoua,CM,9.3,13.4,84.85,19,13,5.23,few clouds,2021-03-28 22:52:57
339,Arlit,NE,18.7369,7.3853,69.58,14,0,8.14,clear sky,2021-03-28 22:52:57
340,Ordynskoye,RU,54.3656,81.8994,31.98,98,100,3.6,light snow,2021-03-28 22:52:57
341,Cabedelo,BR,-6.9811,-34.8339,78.8,94,0,5.75,clear sky,2021-03-28 22:52:57
342,Laibin,CN,23.7,109.2667,73.2,89,51,8.01,broken clouds,2021-03-28 22:52:58
343,Outjo,NA,-20.1167,16.15,70.63,44,60,5.53,broken clouds,2021-03-28 22:52:58
344,Murray Bridge,AU,-35.1167,139.2667,60.01,98,13,2.46,few clouds,2021-03-28 22:47:58
345,Keflavik,IS,64.0049,-22.5624,30.2,100,90,16.11,light snow,2021-03-28 22:52:58
346,Nanzhou,CN,29.3596,112.4024,64.72,90,15,5.97,few clouds,2021-03-28 22:52:58
347,Scarborough,GB,54.2797,-0.4044,53.01,85,100,8.99,overcast clouds,2021-03-28 22:52:17
348,Kloulklubed,PW,7.0419,134.2556,78.8,89,90,5.75,overcast clouds,2021-03-28 22:52:59
349,Christchurch,NZ,-43.5333,172.6333,78.01,41,16,3.44,few clouds,2021-03-28 22:50:01
350,Mega,ET,4.05,38.3,63.41,61,100,5.93,overcast clouds,2021-03-28 22:52:59
351,Nizwa,OM,22.9333,57.5333,78.53,17,19,4.05,few clouds,2021-03-28 22:49:02
352,Ilulissat,GL,69.2167,-51.1,-9.4,41,0,1.14,clear sky,2021-03-28 22:52:59
353,Kavieng,PG,-2.5744,150.7967,84.67,70,92,13.96,light rain,2021-03-28 22:53:00
354,Barra Do Garcas,BR,-15.89,-52.2567,75.78,65,3,0.87,clear sky,2021-03-28 22:53:00
355,Mersing,MY,2.4312,103.8405,75.2,94,71,3.44,broken clouds,2021-03-28 22:53:00
356,Wildwood,US,38.5828,-90.6629,55.99,30,1,17.27,clear sky,2021-03-28 22:52:53
357,Karratha,AU,-20.7377,116.8463,86.5,47,84,8.32,broken clouds,2021-03-28 22:53:30
358,Bubaque,GW,11.2833,-15.8333,75.67,73,0,17.6,clear sky,2021-03-28 22:53:31
359,Axim,GH,4.8699,-2.2405,79.07,87,10,7.38,clear sky,2021-03-28 22:53:31
360,Santa Cruz,BO,-17.8,-63.1667,77.0,57,40,8.05,scattered clouds,2021-03-28 22:49:05
361,Mathbaria,BD,22.2876,89.9593,74.19,91,1,6.49,clear sky,2021-03-28 22:53:31
362,Abu Samrah,SY,35.3029,37.1841,45.88,69,1,4.56,clear sky,2021-03-28 22:53:31
363,Moberly,US,39.4184,-92.4382,54.0,40,5,5.01,clear sky,2021-03-28 22:53:32
364,Diplo,PK,24.4667,69.584,73.6,78,15,11.36,few clouds,2021-03-28 22:53:32
365,Ayorou,NE,14.7308,0.9174,77.32,10,0,9.69,clear sky,2021-03-28 22:53:32
366,Si Sa Ket,TH,14.8333,104.3333,79.0,99,38,6.51,scattered clouds,2021-03-28 22:53:32
367,Ushtobe,KZ,45.2514,77.9838,45.54,70,100,1.23,overcast clouds,2021-03-28 22:53:32
368,Maiduguri,NG,11.8464,13.1603,78.62,27,1,16.2,clear sky,2021-03-28 22:53:33
369,Chirongui,YT,-12.9319,45.1483,80.6,83,31,14.97,scattered clouds,2021-03-28 22:53:33
370,Ust-Maya,RU,60.4167,134.5333,12.69,95,99,2.28,overcast clouds,2021-03-28 22:53:33
371,Sitangkai,PH,4.6628,119.3928,81.73,81,100,11.81,overcast clouds,2021-03-28 22:53:34
372,Lima,PE,-12.0432,-77.0282,73.4,68,0,12.66,clear sky,2021-03-28 22:53:34
373,Kitimat,CA,54.0524,-128.6534,41.0,48,75,11.5,light snow,2021-03-28 22:53:34
374,Banyo,CM,6.75,11.8167,70.57,33,32,3.51,scattered clouds,2021-03-28 22:53:34
375,Koindu,GN,8.4386,-10.3253,72.61,90,93,4.41,light rain,2021-03-28 22:53:34
376,Kochki,RU,54.3358,80.4806,32.05,98,100,7.85,overcast clouds,2021-03-28 22:53:35
377,Solnechnyy,RU,50.7214,136.6319,30.52,92,100,6.22,overcast clouds,2021-03-28 22:53:35
378,Beisfjord,NO,68.3751,17.5988,39.2,56,71,2.3,broken clouds,2021-03-28 22:48:44
379,Havoysund,NO,70.9963,24.6622,28.4,69,0,4.61,clear sky,2021-03-28 22:53:35
380,Zavodoukovsk,RU,56.5042,66.5515,23.92,92,69,9.84,broken clouds,2021-03-28 22:53:35
381,Elko,US,41.0002,-115.5012,66.2,16,1,17.27,clear sky,2021-03-28 22:52:48
382,Tuatapere,NZ,-46.1333,167.6833,60.01,96,78,11.01,broken clouds,2021-03-28 22:53:36
383,Leua,SK,48.2156,18.6071,45.0,76,83,2.26,broken clouds,2021-03-28 22:53:36
384,Tanete,ID,-3.9443,119.7848,74.43,95,100,1.41,overcast clouds,2021-03-28 22:53:36
385,Katiola,CI,8.1333,-5.1,80.6,74,25,4.61,scattered clouds,2021-03-28 22:51:14
386,Douglas,US,41.3,-96.167,60.8,29,1,5.75,clear sky,2021-03-28 22:49:01
387,Aksha,RU,50.2814,113.2867,23.41,74,10,2.53,clear sky,2021-03-28 22:53:36
388,La Ronge,CA,55.1001,-105.2842,41.0,60,100,6.91,overcast clouds,2021-03-28 22:53:37
389,La Libertad,EC,-2.2333,-80.9,78.8,78,0,8.05,clear sky,2021-03-28 22:53:37
390,Morondava,MG,-20.2833,44.2833,75.29,84,1,7.38,clear sky,2021-03-28 22:50:12
391,Cay,TR,38.5917,31.0286,39.43,61,5,2.53,clear sky,2021-03-28 22:53:37
392,Raton,US,36.9034,-104.4391,66.2,14,1,13.8,clear sky,2021-03-28 22:53:37
393,Linay,PH,8.5167,123.1333,79.77,84,95,10.74,overcast clouds,2021-03-28 22:53:38
394,Port Augusta,AU,-32.5,137.7667,62.6,82,0,4.61,clear sky,2021-03-28 22:53:38
395,Teguldet,RU,57.3064,88.1667,29.07,98,100,2.3,overcast clouds,2021-03-28 22:53:38
396,Naze,JP,28.3667,129.4833,66.2,94,75,3.44,broken clouds,2021-03-28 22:53:38
397,Ustka,PL,54.5805,16.8619,44.42,90,100,18.1,light rain,2021-03-28 22:53:39
398,Acari,PE,-15.4311,-74.6158,74.14,77,22,6.26,few clouds,2021-03-28 22:53:39
399,Krasnoarmeyskoye,RU,52.7182,50.0322,30.7,95,100,12.21,light snow,2021-03-28 22:53:39
400,Tongzi,CN,28.7829,105.0877,63.03,61,63,4.68,broken clouds,2021-03-28 22:53:39
401,Deputatskiy,RU,69.3,139.9,6.31,91,100,3.06,overcast clouds,2021-03-28 22:53:40
402,Richards Bay,ZA,-28.783,32.0377,66.99,78,81,3.74,broken clouds,2021-03-28 22:53:40
403,Chimore,BO,-16.9833,-65.1333,70.93,94,86,1.16,overcast clouds,2021-03-28 22:54:10
404,Nanakuli,US,21.3906,-158.1547,80.6,50,1,12.66,clear sky,2021-03-28 22:54:10
405,Carlos Chagas,BR,-17.7031,-40.7664,77.02,67,0,8.48,clear sky,2021-03-28 22:54:11
406,Sergeyevka,KZ,53.88,67.4158,18.45,95,57,10.8,broken clouds,2021-03-28 22:54:11
407,Kamenka,RU,51.3223,42.7678,28.99,79,90,8.59,overcast clouds,2021-03-28 22:54:11
408,Galle,LK,6.0367,80.217,75.47,84,77,8.14,broken clouds,2021-03-28 22:51:08
409,Naryan-Mar,RU,67.6713,53.087,32.99,94,100,10.54,overcast clouds,2021-03-28 22:54:11
410,Ciudad Valles,MX,21.9833,-99.0167,71.15,61,88,19.33,overcast clouds,2021-03-28 22:54:12
411,Srandakan,ID,-7.9386,110.2506,77.27,88,79,2.73,broken clouds,2021-03-28 22:54:12
412,Taksimo,RU,56.3444,114.8794,6.87,84,11,1.99,few clouds,2021-03-28 22:54:12
413,Mecca,SA,21.4267,39.8261,73.24,58,0,5.59,clear sky,2021-03-28 22:53:07
414,Kambove,CD,-10.8764,26.5969,61.92,97,100,2.37,light rain,2021-03-28 22:54:12
415,Tommot,RU,58.9564,126.2925,20.89,93,100,2.62,light snow,2021-03-28 22:54:13
416,San Patricio,US,28.017,-97.5169,62.6,55,90,14.97,overcast clouds,2021-03-28 22:54:13
417,Olavarria,AR,-36.8927,-60.3225,66.99,81,78,1.01,broken clouds,2021-03-28 22:54:13
418,Ulu-Telyak,RU,54.9086,56.9669,23.18,97,8,1.68,clear sky,2021-03-28 22:54:13
419,Turtas,RU,58.9417,69.1325,13.68,93,98,3.98,overcast clouds,2021-03-28 22:54:14
420,Merauke,ID,-8.4667,140.3333,77.68,92,100,9.53,light rain,2021-03-28 22:54:14
421,Dabola,GN,10.75,-11.1167,88.23,25,62,3.51,broken clouds,2021-03-28 22:54:14
422,Kismayo,SO,-0.3582,42.5454,79.9,78,100,12.19,overcast clouds,2021-03-28 22:54:14
423,Kitui,KE,-1.367,38.0106,68.25,75,100,0.51,overcast clouds,2021-03-28 22:54:15
424,Puertollano,ES,38.6871,-4.1073,55.0,57,85,4.0,overcast clouds,2021-03-28 22:54:15
425,Comodoro Rivadavia,AR,-45.8667,-67.5,59.0,72,0,12.66,clear sky,2021-03-28 22:50:04
426,Chak Azam Sahu,PK,30.75,73.0333,75.07,21,1,5.95,clear sky,2021-03-28 22:49:17
427,Lamesa,US,32.7376,-101.951,70.0,18,0,1.99,clear sky,2021-03-28 22:54:15
428,Iquitos,PE,-3.7481,-73.2472,77.0,94,75,3.44,broken clouds,2021-03-28 22:54:15
429,Gornopravdinsk,RU,60.05,69.9,8.65,95,98,4.27,overcast clouds,2021-03-28 22:54:16
430,Matara,LK,5.9485,80.5353,74.68,85,84,4.97,broken clouds,2021-03-28 22:50:10
431,Maymyo,MM,22.0333,96.4667,72.01,27,99,0.72,overcast clouds,2021-03-28 22:54:16
432,Celendin,PE,-6.8703,-78.1517,60.8,72,75,5.75,light rain,2021-03-28 22:54:16
433,Sinop,TR,41.7711,34.8709,38.91,78,16,5.55,few clouds,2021-03-28 22:54:16
434,Bourail,NC,-21.5667,165.4833,83.88,60,9,8.14,clear sky,2021-03-28 22:54:16
435,Mariental,NA,-24.6333,17.9667,73.22,27,4,3.53,clear sky,2021-03-28 22:54:17
436,Yumen,CN,40.2833,97.2,42.82,51,38,9.55,scattered clouds,2021-03-28 22:54:17
437,Portland,US,45.5234,-122.6762,48.0,86,95,4.0,light rain,2021-03-28 22:54:09
438,Alofi,NU,-19.0595,-169.9187,84.2,79,5,13.8,light rain,2021-03-28 22:54:17
439,Muroto,JP,33.2833,134.15,51.8,93,40,6.91,fog,2021-03-28 22:54:17
440,Mount Isa,AU,-20.7333,139.5,77.0,29,2,17.27,clear sky,2021-03-28 22:54:18
441,Santiago,CL,-33.4569,-70.6483,77.0,29,0,5.75,clear sky,2021-03-28 22:52:43
442,Meulaboh,ID,4.1363,96.1285,76.3,88,97,3.87,overcast clouds,2021-03-28 22:54:18
443,Gold Coast,AU,-28.0,153.4333,80.01,65,0,6.91,clear sky,2021-03-28 22:54:18
444,Boguchany,RU,58.3814,97.4531,27.21,98,100,2.68,light snow,2021-03-28 22:54:18
445,Bone,DE,51.9669,12.1396,52.0,63,100,4.0,overcast clouds,2021-03-28 22:54:19
446,Shrewsbury,GB,52.7101,-2.7521,53.6,76,75,25.32,broken clouds,2021-03-28 22:54:49
447,Bollnas,SE,61.3482,16.3946,39.0,90,97,3.0,overcast clouds,2021-03-28 22:54:49
448,Guerrero Negro,MX,27.9769,-114.0611,80.2,24,16,13.24,few clouds,2021-03-28 22:54:49
449,Shingu,JP,33.7333,135.9833,60.8,77,40,6.91,scattered clouds,2021-03-28 22:54:50
450,Puerto Escondido,MX,15.85,-97.0667,87.8,70,1,9.22,clear sky,2021-03-28 22:54:50
451,Zmeinogorsk,RU,51.1567,82.195,29.61,97,100,10.18,light snow,2021-03-28 22:54:50
452,Cervo,ES,43.6702,-7.4101,50.0,88,0,6.53,clear sky,2021-03-28 22:54:50
453,Mildura,AU,-34.2,142.15,60.01,67,0,6.91,clear sky,2021-03-28 22:54:51
454,Lazaro Cardenas,MX,17.9583,-102.2,81.36,55,2,9.51,clear sky,2021-03-28 22:54:51
455,Hosdurga,IN,13.7981,76.2861,75.04,70,94,4.03,overcast clouds,2021-03-28 22:53:31
456,Saint-Augustin,CA,51.226,-58.6502,8.11,81,29,3.98,scattered clouds,2021-03-28 22:54:51
457,Alyangula,AU,-13.8483,136.4192,84.34,71,76,16.26,broken clouds,2021-03-28 22:54:51
458,Grindavik,IS,63.8424,-22.4338,28.4,100,90,16.11,light snow,2021-03-28 22:54:52
459,Mahibadhoo,MV,3.7833,72.9667,82.24,73,99,8.95,overcast clouds,2021-03-28 22:54:52
460,Cap Malheureux,MU,-19.9842,57.6142,77.0,80,3,1.99,clear sky,2021-03-28 22:54:52
461,Kawalu,ID,-7.3817,108.2082,71.8,96,98,1.32,overcast clouds,2021-03-28 22:54:52
462,Sao Gabriel Da Cachoeira,BR,-0.1303,-67.0892,74.3,94,100,2.66,moderate rain,2021-03-28 22:54:52
463,Ust-Nera,RU,64.5667,143.2,5.65,95,99,4.41,overcast clouds,2021-03-28 22:54:53
464,Fairbanks,US,64.8378,-147.7164,19.0,48,1,3.44,clear sky,2021-03-28 22:50:31
465,Vestmannaeyjar,IS,63.4427,-20.2734,35.64,60,69,12.15,broken clouds,2021-03-28 22:54:53
466,Leningradskiy,RU,69.3833,178.4167,-5.33,92,100,5.26,overcast clouds,2021-03-28 22:54:53
467,Yar-Sale,RU,66.8333,70.8333,-16.67,99,13,7.85,few clouds,2021-03-28 22:54:53
468,Lakhimpur,IN,27.95,80.7667,73.0,19,0,3.89,clear sky,2021-03-28 22:54:54
469,Nesbyen,NO,60.5681,9.1027,36.0,98,94,1.99,overcast clouds,2021-03-28 22:54:54
470,El Alto,PE,-4.2714,-81.2147,71.44,72,64,8.88,broken clouds,2021-03-28 22:54:54
471,Tsiroanomandidy,MG,-18.7667,46.0333,64.09,96,2,2.73,clear sky,2021-03-28 22:54:54
472,Ust-Tsilma,RU,65.441,52.1498,33.62,98,100,6.26,overcast clouds,2021-03-28 22:54:55
473,Wawa,NG,9.9022,4.4192,84.13,21,0,6.62,clear sky,2021-03-28 22:54:55
474,Fare,PF,-16.7,-151.0167,82.33,73,19,21.36,few clouds,2021-03-28 22:54:55
475,Newport,GB,51.5877,-2.9984,52.0,84,98,1.99,overcast clouds,2021-03-28 22:54:55
476,Morro Bay,US,35.3658,-120.8499,75.99,43,1,16.11,clear sky,2021-03-28 22:54:56
477,Lethem,GY,3.3803,-59.7968,84.56,57,87,11.81,overcast clouds,2021-03-28 22:54:56
478,Manokwari,ID,-0.8667,134.0833,80.13,79,100,4.54,overcast clouds,2021-03-28 22:54:56
479,Safranbolu,TR,41.2508,32.6942,30.88,93,17,0.76,few clouds,2021-03-28 22:54:56
480,Guantanamo,CU,20.1444,-75.2092,84.2,65,20,21.85,few clouds,2021-03-28 22:54:57
481,Kyabe,TD,9.4515,18.9449,83.95,17,10,5.35,clear sky,2021-03-28 22:54:57
482,Borgo San Dalmazzo,IT,44.333,7.4858,46.99,93,10,3.44,clear sky,2021-03-28 22:54:57
483,Kovdor,RU,67.5662,30.4758,35.26,96,100,8.12,overcast clouds,2021-03-28 22:54:57
484,Suntar,RU,62.1444,117.6319,7.99,97,85,3.47,overcast clouds,2021-03-28 22:54:57
485,Real,PH,14.6625,121.6047,82.99,40,72,5.64,broken clouds,2021-03-28 22:54:58
486,Dvinskoy,RU,62.1535,45.1175,33.12,80,100,8.1,overcast clouds,2021-03-28 22:54:58
487,Cairns,AU,-16.9167,145.7667,82.0,69,80,14.97,broken clouds,2021-03-28 22:51:52
488,Bathsheba,BB,13.2167,-59.5167,77.0,69,40,20.71,scattered clouds,2021-03-28 22:54:58
489,Zhigansk,RU,66.7697,123.3711,3.09,100,100,4.63,overcast clouds,2021-03-28 22:54:59
490,Aswan,EG,24.0934,32.907,63.57,25,0,16.22,clear sky,2021-03-28 22:55:29
491,Nantucket,US,41.2835,-70.0995,52.0,100,100,32.64,overcast clouds,2021-03-28 22:55:29
492,Yerbogachen,RU,61.2767,108.0108,15.12,99,100,2.46,overcast clouds,2021-03-28 22:55:29
493,Nuuk,GL,64.1835,-51.7216,8.6,66,20,16.11,few clouds,2021-03-28 22:55:29
494,Puerto Narino,CO,-3.7703,-70.3831,78.8,94,75,3.44,moderate rain,2021-03-28 22:55:30
495,Baykit,RU,61.67,96.37,20.32,97,100,1.07,light snow,2021-03-28 22:55:30
496,Totness,SR,5.8833,-56.3167,77.25,87,100,15.21,heavy intensity rain,2021-03-28 22:55:30
497,Tuy Hoa,VN,13.0833,109.3,71.94,91,99,3.76,overcast clouds,2021-03-28 22:55:30
498,Port Hawkesbury,CA,45.6169,-61.3485,32.0,80,90,13.8,overcast clouds,2021-03-28 22:55:31
499,Mitchell,US,43.7094,-98.0298,60.8,29,1,13.8,clear sky,2021-03-28 22:55:31
500,Vrangel,RU,42.7297,133.0839,36.21,99,94,3.02,light rain,2021-03-28 22:55:31
501,Lincoln,US,40.8,-96.667,64.0,29,1,8.05,clear sky,2021-03-28 22:53:57
502,Ponta Do Sol,PT,32.6667,-17.1,62.6,77,20,11.5,few clouds,2021-03-28 22:55:31
503,Hailar,CN,49.2,119.7,30.04,71,100,19.39,overcast clouds,2021-03-28 22:55:32
504,Soyo,AO,-6.1349,12.3689,80.76,78,100,5.86,overcast clouds,2021-03-28 22:54:14
505,Lata,PT,40.1629,-8.3327,57.2,62,0,3.67,clear sky,2021-03-28 22:55:32
506,Santa Rosalia,MX,27.3167,-112.2833,76.71,22,54,10.11,broken clouds,2021-03-28 22:55:32
507,Atasu,KZ,48.6814,71.6433,23.67,91,97,12.17,overcast clouds,2021-03-28 22:55:32
508,Castelo Branco,PT,39.8222,-7.4909,54.0,68,64,4.52,broken clouds,2021-03-28 22:50:51
509,Russell,US,32.3502,-85.1999,66.2,77,90,11.5,overcast clouds,2021-03-28 22:55:33
510,Capinopolis,BR,-18.6819,-49.5697,77.49,51,24,4.16,few clouds,2021-03-28 22:55:33
511,Ullapool,GB,57.8987,-5.1604,48.99,38,100,8.99,moderate rain,2021-03-28 22:55:33
512,Griffith,US,41.5284,-87.4237,46.4,39,75,12.66,broken clouds,2021-03-28 22:55:33
513,Camden,US,39.7835,-74.9663,71.6,68,40,10.36,scattered clouds,2021-03-28 22:52:16
514,Saint-Denis,FR,48.9167,2.3333,54.0,62,0,1.14,clear sky,2021-03-28 22:55:34
515,Arrifes,PT,37.7667,-25.7,59.0,77,75,9.22,broken clouds,2021-03-28 22:55:34
516,Midland,US,31.9974,-102.0779,73.0,16,1,5.75,clear sky,2021-03-28 22:53:05
517,Asyut,EG,27.181,31.1837,55.4,58,0,12.66,clear sky,2021-03-28 22:55:34
518,Batticaloa,LK,7.7102,81.6924,77.81,78,85,6.17,overcast clouds,2021-03-28 22:55:34
519,Arcata,US,40.8665,-124.0828,57.99,87,90,8.05,overcast clouds,2021-03-28 22:54:33
520,Coquimbo,CL,-29.9533,-71.3436,60.8,72,0,9.22,clear sky,2021-03-28 22:55:35
521,Babynino,RU,54.39,35.73,32.0,69,100,2.24,overcast clouds,2021-03-28 22:55:35
522,Necochea,AR,-38.5473,-58.7368,61.0,93,20,8.28,few clouds,2021-03-28 22:55:35
523,Karpathos,GR,35.507,27.2132,55.4,67,0,4.61,clear sky,2021-03-28 22:55:35
524,Tezu,IN,27.9167,96.1667,68.54,23,1,4.36,clear sky,2021-03-28 22:55:36
525,Flin Flon,CA,54.7682,-101.865,33.8,75,90,10.36,overcast clouds,2021-03-28 22:55:36
526,Emerald,AU,-23.5333,148.1667,77.0,69,23,9.22,few clouds,2021-03-28 22:55:36
527,Praia Da Vitoria,PT,38.7333,-27.0667,60.8,77,40,17.96,scattered clouds,2021-03-28 22:55:36
528,Hami,CN,42.8,93.45,57.87,24,85,8.14,overcast clouds,2021-03-28 22:55:37
529,Ust-Kuyga,RU,70.0167,135.6,6.53,96,100,4.47,overcast clouds,2021-03-28 22:55:37
530,Bonavista,CA,48.6499,-53.1147,25.0,74,38,1.14,scattered clouds,2021-03-28 22:55:37
531,Micheweni,TZ,-4.9667,39.8333,80.92,79,12,3.69,light rain,2021-03-28 22:55:37
532,Esparta,HN,15.7437,-87.1766,86.0,74,40,10.36,scattered clouds,2021-03-28 22:55:37
533,Santa Isabel,BR,-23.3156,-46.2214,73.4,78,75,6.91,moderate rain,2021-03-28 22:55:38
534,Cayenne,GF,4.9333,-52.3333,81.0,78,75,8.05,broken clouds,2021-03-28 22:55:38
535,Malakal,SS,9.5334,31.6605,83.64,16,0,11.12,clear sky,2021-03-28 22:55:38
536,Aripuana,BR,-9.1667,-60.6333,74.03,96,76,1.1,broken clouds,2021-03-28 22:55:38
537,Iranshahr,IR,27.2025,60.6848,74.03,15,64,2.57,broken clouds,2021-03-28 22:55:39
538,Williston,US,48.147,-103.618,64.99,29,100,3.0,overcast clouds,2021-03-28 22:55:01
539,Arona,ES,28.0996,-16.681,66.0,77,20,8.05,few clouds,2021-03-28 22:56:09
540,Constantine,DZ,36.365,6.6147,53.6,76,0,4.61,clear sky,2021-03-28 22:56:09
541,Nizhniy Odes,RU,63.6445,54.856,29.8,97,100,6.22,overcast clouds,2021-03-28 22:56:09
542,Kizlyar,RU,43.8469,46.715,42.53,83,96,8.86,overcast clouds,2021-03-28 22:56:10
543,Kropotkin,RU,45.4375,40.5756,39.0,91,64,7.38,light rain,2021-03-28 22:56:10
544,Vila Franca Do Campo,PT,37.7167,-25.4333,59.0,77,75,9.22,broken clouds,2021-03-28 22:56:10
545,Kilindoni,TZ,-7.9139,39.6668,82.71,72,71,5.41,broken clouds,2021-03-28 22:56:10
546,Kabwe,ZM,-14.4469,28.4464,64.35,96,82,6.69,light rain,2021-03-28 22:56:11
547,Sao Filipe,CV,14.8961,-24.4956,69.96,73,58,16.82,broken clouds,2021-03-28 22:56:11
548,Canutama,BR,-6.5339,-64.3831,73.69,94,90,2.77,heavy intensity rain,2021-03-28 22:56:11
549,Palora,EC,-1.7,-77.9333,69.8,88,90,2.3,moderate rain,2021-03-28 22:56:11
550,Sao Jose Da Coroa Grande,BR,-8.8978,-35.1478,78.89,80,88,6.08,overcast clouds,2021-03-28 22:56:12
551,Tigil,RU,57.8,158.6667,21.72,88,100,19.6,light snow,2021-03-28 22:56:12
552,Tonbridge,GB,51.1924,0.2753,48.99,88,99,4.0,overcast clouds,2021-03-28 22:56:12
553,Whitefish,US,48.4111,-114.3376,62.6,23,75,29.93,broken clouds,2021-03-28 22:56:12
554,Amapa,BR,1.0,-52.0,72.18,98,100,2.35,overcast clouds,2021-03-28 22:56:13
555,Cloquet,US,46.7216,-92.4594,42.01,33,1,5.75,clear sky,2021-03-28 22:56:13
556,Derzhavinsk,KZ,51.1,66.3167,13.23,95,13,9.33,few clouds,2021-03-28 22:56:13
557,Trelaze,FR,47.45,-0.4667,46.99,87,0,2.3,clear sky,2021-03-28 22:56:13
558,Mae Hong Son,TH,19.3003,97.9685,69.48,51,13,1.19,few clouds,2021-03-28 22:54:04
559,Inyonga,TZ,-6.7167,32.0667,63.18,94,96,2.08,light rain,2021-03-28 22:56:14
560,Patnongon,PH,10.9132,121.9937,80.51,73,97,4.34,overcast clouds,2021-03-28 22:56:14
561,Bere,TD,9.3202,16.1552,83.48,28,73,4.94,broken clouds,2021-03-28 22:56:14
562,Westport,US,41.1415,-73.3579,55.0,98,100,14.56,overcast clouds,2021-03-28 22:56:14
563,Aklavik,CA,68.2191,-135.0107,-5.8,59,44,6.91,scattered clouds,2021-03-28 22:56:15
564,Grafton,US,42.207,-71.6856,57.0,94,90,12.66,mist,2021-03-28 22:56:15
565,Eureka,US,40.8021,-124.1637,57.99,72,3,8.01,clear sky,2021-03-28 22:56:15
566,Byron Bay,AU,-28.65,153.6167,72.0,78,1,9.22,clear sky,2021-03-28 22:56:15
567,Foz Do Iguacu,BR,-25.5478,-54.5881,75.2,94,75,4.61,broken clouds,2021-03-28 22:56:16
568,Arraial Do Cabo,BR,-22.9661,-42.0278,78.01,87,65,8.7,broken clouds,2021-03-28 22:56:16
569,Mizdah,LY,31.4451,12.9801,58.57,27,3,4.0,clear sky,2021-03-28 22:56:16
570,Digby,CA,44.6169,-65.7655,37.4,86,100,10.36,moderate rain,2021-03-28 22:56:17
571,Roma,US,43.2128,-75.4557,51.8,87,90,12.66,overcast clouds,2021-03-28 22:55:52
572,Lasa,IT,46.6166,10.7002,48.0,64,0,5.75,clear sky,2021-03-28 22:56:17
573,Zaysan,KZ,47.4667,84.8667,35.6,89,93,4.68,overcast clouds,2021-03-28 22:56:17
574,Molina,CL,-35.1167,-71.2833,82.4,26,0,4.61,clear sky,2021-03-28 22:54:22
575,Tessalit,ML,20.1986,1.0114,72.39,10,0,14.63,clear sky,2021-03-28 22:56:18
576,Quartucciu,IT,39.2519,9.1794,54.0,100,0,2.3,clear sky,2021-03-28 22:56:18
577,Butembo,CD,0.15,29.2833,60.64,83,86,2.51,overcast clouds,2021-03-28 22:55:08
578,Orihuela,ES,38.0848,-0.944,60.01,72,100,5.48,overcast clouds,2021-03-28 22:56:18
579,Bestobe,KZ,52.4994,73.0975,18.18,87,87,21.79,overcast clouds,2021-03-28 22:56:18
580,Prince Albert,CA,53.2001,-105.7677,46.4,66,75,5.75,broken clouds,2021-03-28 22:56:48
581,Trat,TH,12.5,102.5,82.0,99,96,2.08,overcast clouds,2021-03-28 22:56:49
582,Umm Kaddadah,SD,13.6017,26.6876,66.38,12,0,14.14,clear sky,2021-03-28 22:56:49
583,Chany,RU,55.3121,76.7647,25.3,97,100,1.9,light snow,2021-03-28 22:56:49
584,Dudinka,RU,69.4058,86.1778,-11.43,98,72,10.42,broken clouds,2021-03-28 22:56:49
585,Lianyuan,CN,27.6883,111.6642,67.87,91,76,1.12,light rain,2021-03-28 22:56:50
586,Otukpo,NG,7.1913,8.1329,83.5,18,5,1.03,clear sky,2021-03-28 22:56:50
587,Minsk,BY,53.9,27.5667,32.0,100,83,4.47,mist,2021-03-28 22:53:30
588,Port Macquarie,AU,-31.4333,152.9167,73.0,76,14,3.67,few clouds,2021-03-28 22:56:50
589,Puebloviejo,CO,10.9938,-74.2844,91.99,67,73,17.0,broken clouds,2021-03-28 22:56:50
590,Nabire,ID,-3.3667,135.4833,75.47,94,100,4.14,overcast clouds,2021-03-28 22:55:06
591,Lavrentiya,RU,65.5833,-171.0,11.37,93,100,19.64,light snow,2021-03-28 22:56:51
592,Satwas,IN,22.5333,76.6833,81.21,16,6,6.44,clear sky,2021-03-28 22:56:51
593,Abapo,BO,-18.8333,-63.4667,64.96,65,91,1.54,overcast clouds,2021-03-28 22:56:51
594,Capoterra,IT,39.1763,8.9718,54.0,100,0,2.3,clear sky,2021-03-28 22:56:51
595,Hamilton,US,39.1834,-84.5333,46.4,49,90,14.97,overcast clouds,2021-03-28 22:52:46
596,Nishihara,JP,26.1842,127.7558,71.6,100,75,3.0,mist,2021-03-28 22:56:52
597,Bodden Town,KY,19.2833,-81.25,84.2,61,20,9.22,few clouds,2021-03-28 22:56:52
598,Boyabat,TR,41.4689,34.7667,38.7,78,7,3.44,clear sky,2021-03-28 22:56:52
599,Ukiah,US,39.1502,-123.2078,78.8,21,1,7.76,clear sky,2021-03-28 22:56:52
600,Nalut,LY,30.3333,10.85,61.3,20,59,11.72,broken clouds,2021-03-28 22:56:53
601,Salme,NP,28.0369,85.0942,55.4,76,20,8.03,mist,2021-03-28 22:56:53
602,Mpwapwa,TZ,-6.35,36.4833,63.63,92,74,3.11,broken clouds,2021-03-28 22:56:53
603,Leh,IN,34.1667,77.5833,35.53,81,100,8.57,overcast clouds,2021-03-28 22:56:53
604,Camabatela,AO,-8.1881,15.375,61.9,96,99,2.42,overcast clouds,2021-03-28 22:56:54
605,Asmara,ER,15.3333,38.9333,53.62,81,48,4.68,scattered clouds,2021-03-28 22:56:54
606,Tanhacu,BR,-14.0214,-41.2481,76.57,34,0,4.32,clear sky,2021-03-28 22:56:54
607,Taltal,CL,-25.4,-70.4833,64.83,75,22,3.38,few clouds,2021-03-28 22:56:54
608,Mayor Pablo Lagerenza,PY,-19.9309,-60.7718,73.58,59,66,8.41,broken clouds,2021-03-28 22:56:55
609,Jabinyanah,TN,35.035,10.9081,60.8,72,0,6.91,clear sky,2021-03-28 22:56:55
610,Jaciara,BR,-15.9653,-54.9683,76.3,66,9,3.0,clear sky,2021-03-28 22:56:55
611,Samoded,RU,63.6083,40.5111,31.51,92,97,7.65,overcast clouds,2021-03-28 22:56:56
612,Bay Roberts,CA,47.5999,-53.2648,28.0,74,75,4.61,broken clouds,2021-03-28 22:56:56
613,Lahij,YE,13.1667,44.5833,73.63,41,6,1.05,clear sky,2021-03-28 22:54:07
614,Muhos,FI,64.808,25.9931,35.6,87,0,8.05,clear sky,2021-03-28 22:56:56
615,General Roca,AR,-39.0333,-67.5833,77.0,31,0,9.48,clear sky,2021-03-28 22:56:56
616,Catuday,PH,16.2923,119.8062,79.34,76,81,7.2,broken clouds,2021-03-28 22:56:56
617,Goderich,CA,43.7501,-81.7165,35.6,87,100,17.27,overcast clouds,2021-03-28 22:56:57
618,Aitape,PG,-3.1374,142.3475,81.5,74,93,3.53,overcast clouds,2021-03-28 22:56:57
619,Starokostyantyniv,UA,49.7576,27.2034,36.21,83,100,15.19,overcast clouds,2021-03-28 22:56:57
620,Troyes,FR,48.3333,4.0833,44.6,70,0,4.61,clear sky,2021-03-28 22:56:57
621,Batagay-Alyta,RU,67.8006,130.4114,-1.89,85,93,4.03,overcast clouds,2021-03-28 22:56:58
622,Progreso,MX,21.2833,-89.6667,97.0,34,75,10.36,broken clouds,2021-03-28 22:56:58
623,Charters Towers,AU,-20.1,146.2667,77.23,62,62,13.62,broken clouds,2021-03-28 22:56:58
624,Ndjole,GA,-0.1783,10.7649,74.46,97,80,2.42,moderate rain,2021-03-28 22:56:58
625,Manado,ID,1.487,124.8455,77.0,94,40,2.3,scattered clouds,2021-03-28 22:53:48
626,Twin Falls,US,42.3505,-114.6445,69.8,16,1,23.02,clear sky,2021-03-28 22:56:59
627,Grants,US,35.1473,-107.8514,62.6,17,1,5.75,clear sky,2021-03-28 22:56:38
628,Saint-Vallier,FR,46.6411,4.3711,39.99,87,0,3.44,clear sky,2021-03-28 22:57:29
629,Poum,NC,-20.2333,164.0167,80.69,74,13,6.49,few clouds,2021-03-28 22:57:30
630,Nadym,RU,65.5333,72.5167,-10.61,99,82,10.33,broken clouds,2021-03-28 22:57:30
631,Pangai,TO,-19.8,-174.35,84.2,79,20,17.27,few clouds,2021-03-28 22:57:30
632,Ola,RU,59.5833,151.2833,7.74,87,72,2.64,broken clouds,2021-03-28 22:57:23
633,Sistranda,NO,63.7256,8.834,41.0,87,75,11.5,broken clouds,2021-03-28 22:57:30
634,Belmonte,BR,-15.8631,-38.8828,78.8,69,0,6.91,clear sky,2021-03-28 22:57:31
635,Nanchong,CN,30.7951,106.0847,66.27,55,97,3.98,light rain,2021-03-28 22:57:31
636,Ronneby,SE,56.21,15.276,42.8,100,90,9.22,mist,2021-03-28 22:57:31
637,Raga,SS,8.4596,25.678,74.41,19,3,5.79,clear sky,2021-03-28 22:57:31
638,Chinsali,ZM,-10.5414,32.0816,62.49,96,100,4.0,light rain,2021-03-28 22:57:31
639,Kudahuvadhoo,MV,2.6708,72.8944,79.25,82,100,5.84,moderate rain,2021-03-28 22:57:32
640,Kharsia,IN,21.9667,83.1167,73.54,18,0,1.5,clear sky,2021-03-28 22:57:32
641,Ngaoundere,CM,7.3167,13.5833,71.67,26,27,4.9,scattered clouds,2021-03-28 22:57:32
642,Brae,GB,60.3964,-1.353,46.4,93,90,23.02,overcast clouds,2021-03-28 22:57:32
643,Saint-Louis,SN,16.3333,-15.0,87.8,30,0,4.61,clear sky,2021-03-28 22:57:33
644,Wasilla,US,61.5814,-149.4394,33.01,40,1,6.91,clear sky,2021-03-28 22:57:33
645,Maniitsoq,GL,65.4167,-52.9,1.83,63,23,8.1,few clouds,2021-03-28 22:57:33
646,Noumea,NC,-22.2763,166.4572,84.0,61,0,6.91,clear sky,2021-03-28 22:57:33
647,Magadan,RU,59.5667,150.8,8.76,87,31,0.65,scattered clouds,2021-03-28 22:57:34
648,Basco,PH,20.4487,121.9702,78.57,78,20,3.02,few clouds,2021-03-28 22:57:34
649,Beaufort,MY,5.3473,115.7455,75.2,100,40,1.14,scattered clouds,2021-03-28 22:57:34
650,Rongcheng,CN,30.634,117.8517,59.99,79,0,2.75,clear sky,2021-03-28 22:57:34
651,Vila,PT,42.0304,-8.1588,55.0,53,3,1.99,clear sky,2021-03-28 22:57:34
652,Whitehorse,CA,60.7161,-135.0538,24.01,33,75,11.5,broken clouds,2021-03-28 22:57:35
653,Coari,BR,-4.085,-63.1414,75.2,96,56,2.24,broken clouds,2021-03-28 22:57:18
654,Cabuyaro,CO,4.2817,-72.794,83.1,57,92,6.91,overcast clouds,2021-03-28 22:57:35
655,Kieta,PG,-6.2167,155.6333,82.78,75,82,3.76,light rain,2021-03-28 22:57:35
656,Cedar City,US,37.6775,-113.0619,68.0,10,1,16.11,clear sky,2021-03-28 22:57:35
657,Lorengau,PG,-2.0226,147.2712,83.14,78,100,9.78,overcast clouds,2021-03-28 22:57:36
658,Yashan,CN,22.1975,109.9419,72.12,95,52,4.47,broken clouds,2021-03-28 22:57:36
659,Tottori,JP,35.5,134.2333,50.0,93,40,5.75,scattered clouds,2021-03-28 22:57:36
660,Kidal,ML,18.4411,1.4078,73.53,10,0,11.59,clear sky,2021-03-28 22:57:36
661,Veraval,IN,20.9,70.3667,76.89,71,6,11.32,clear sky,2021-03-28 22:57:37
662,Cacheu,GW,12.2706,-16.1658,77.0,69,0,4.61,clear sky,2021-03-28 22:57:37
663,Key Largo,US,25.0865,-80.4473,81.0,74,1,5.01,clear sky,2021-03-28 22:57:37
664,Kashi,CN,39.4547,75.9797,53.6,43,40,8.95,scattered clouds,2021-03-28 22:57:37
665,Geraldton,AU,-28.7667,114.6,66.2,77,14,4.61,few clouds,2021-03-28 22:57:38
666,San Cristobal,VE,7.7669,-72.225,78.8,73,40,9.22,scattered clouds,2021-03-28 22:57:38
667,Terrace,CA,54.5163,-128.6035,41.0,48,75,11.5,light snow,2021-03-28 22:57:38
